,Date,Q.meting,Q.meting_mm
0,2021-11-24,0.028880208333333334,1.2666243654822336
1,2021-11-25,0.0294875,1.293258883248731
2,2021-11-26,0.027796875,1.2191116751269035
3,2021-11-27,0.028466666666666668,1.24848730964467
4,2021-11-28,0.029011458333333334,1.2723807106598986
5,2021-11-29,0.02890208333333333,1.2675837563451775
6,2021-11-30,0.03211354166666667,1.4084314720812185
7,2021-12-01,0.03478958333333333,1.5257969543147207
8,2021-12-02,0.030490624999999997,1.337253807106599
9,2021-12-03,0.030034375000000002,1.317243654822335
10,2021-12-04,0.037661458333333335,1.651751269035533
11,2021-12-05,0.03421041666666667,1.5003959390862944
12,2021-12-06,0.03119166666666667,1.3680000000000003
13,2021-12-07,0.032825,1.4396345177664978
14,2021-12-08,0.030370833333333333,1.332
15,2021-12-09,0.029746875000000002,1.3046345177664977
16,2021-12-10,0.02910625,1.27653807106599
17,2021-12-11,0.0287,1.2587208121827411
18,2021-12-12,0.033335416666666666,1.4620203045685278
19,2021-12-13,0.03293125,1.444294416243655
20,2021-12-14,0.029585416666666666,1.2975532994923857
21,2021-12-15,0.031174999999999998,1.3672690355329946
22,2021-12-16,0.03098645833333333,1.359
23,2021-12-17,0.03152083333333333,1.3824365482233503
24,2021-12-18,0.031888541666666666,1.3985634517766496
25,2021-12-19,0.03319479166666667,1.4558527918781725
26,2021-12-20,0.032213541666666665,1.4128172588832488
27,2021-12-21,0.02965833333333333,1.300751269035533
28,2021-12-22,0.029232291666666663,1.2820659898477158
29,2021-12-23,0.031826041666666666,1.3958223350253807
30,2021-12-24,0.030913541666666666,1.3558020304568528
31,2021-12-25,0.030773958333333334,1.3496802030456854
32,2021-12-26,0.030923958333333335,1.356258883248731
33,2021-12-27,0.032471875000000004,1.4241472081218276
34,2021-12-28,0.03695104166666666,1.6205939086294414
35,2021-12-29,0.04383854166666667,1.9226649746192896
36,2021-12-30,0.056597916666666664,2.482263959390863
37,2021-12-31,0.04994166666666667,2.1903350253807106
38,2022-01-01,0.03999166666666667,1.7539492385786801
39,2022-01-02,0.04522083333333333,1.9832893401015228
40,2022-01-03,0.03890833333333333,1.7064365482233503
41,2022-01-04,0.041515625,1.820786802030457
42,2022-01-05,0.04307395833333333,1.8891319796954313
43,2022-01-06,0.04517395833333334,1.9812335025380714
44,2022-01-07,0.04504479166666667,1.9755685279187818
45,2022-01-08,0.04591979166666666,2.013944162436548
46,2022-01-09,0.094671875,4.152106598984772
47,2022-01-10,0.06727812500000001,2.9506751269035534
48,2022-01-11,0.05584583333333334,2.449279187817259
49,2022-01-12,0.04482083333333334,1.9657461928934012
50,2022-01-13,0.041421875000000004,1.8166751269035535
51,2022-01-14,0.039088541666666664,1.7143401015228426
52,2022-01-15,0.03880625,1.7019593908629442
53,2022-01-16,0.037578125,1.6480964467005077
54,2022-01-17,0.034640625,1.519263959390863
55,2022-01-18,0.037268749999999996,1.6345279187817257
56,2022-01-19,0.039394791666666665,1.7277715736040606
57,2022-01-20,0.03688854166666667,1.6178527918781727
58,2022-01-21,0.038059375,1.6692030456852793
59,2022-01-22,0.03567083333333333,1.5644467005076141
60,2022-01-23,0.034051041666666663,1.4934060913705582
61,2022-01-24,0.0344375,1.5103553299492385
62,2022-01-25,0.03351666666666667,1.4699695431472082
63,2022-01-26,0.03244895833333333,1.4231421319796953
64,2022-01-27,0.03439166666666667,1.5083451776649746
65,2022-01-28,0.033253125,1.4584111675126905
66,2022-01-29,0.03385625,1.4848629441624364
67,2022-01-30,0.031179166666666664,1.367451776649746
68,2022-01-31,0.04623229166666667,2.0276497461928935
69,2022-02-01,0.05585208333333333,2.449553299492386
70,2022-02-02,0.051607291666666666,2.2633857868020306
71,2022-02-03,0.04829479166666667,2.1181065989847716
72,2022-02-04,0.04726458333333333,2.0729238578680205
73,2022-02-05,0.0467875,2.052
74,2022-02-06,0.08333750000000001,3.6550050761421327
75,2022-02-07,0.04103854166666667,1.7998629441624368
76,2022-02-08,0.03378333333333333,1.4816649746192894
77,2022-02-09,0.033403125,1.4649898477157357
78,2022-02-10,0.031838541666666664,1.3963705583756345
79,2022-02-11,0.030532291666666666,1.3390812182741116
80,2022-02-12,0.029860416666666667,1.3096142131979696
81,2022-02-13,0.030394791666666667,1.3330507614213198
82,2022-02-14,0.029663541666666668,1.300979695431472
83,2022-02-15,0.028654166666666665,1.2567106598984772
84,2022-02-16,0.03059375,1.341776649746193
85,2022-02-17,0.03470625,1.5221421319796957
86,2022-02-18,0.03230729166666667,1.4169289340101525
87,2022-02-19,0.029778125,1.306005076142132
88,2022-02-20,0.20036874999999998,8.7877461928934
89,2022-02-21,0.23527916666666668,10.318842639593909
90,2022-02-22,0.16292291666666667,7.145451776649747
91,2022-02-23,0.132303125,5.802532994923858
92,2022-02-24,0.11422395833333333,5.009619289340102
93,2022-02-25,0.08197916666666667,3.595431472081218
94,2022-02-26,0.05561875,2.439319796954315
95,2022-02-27,0.05388020833333334,2.3630710659898475
96,2022-02-28,0.04564891304347826,2.0020640035312294
97,2022-03-01,0.04486145833333333,1.9675279187817258
98,2022-03-02,0.042982291666666665,1.8851116751269035
99,2022-03-03,0.037858333333333334,1.6603857868020304
100,2022-03-04,0.035655208333333334,1.563761421319797
101,2022-03-05,0.03522395833333333,1.5448477157360405
102,2022-03-06,0.03348020833333334,1.4683705583756348
103,2022-03-07,0.03245625,1.42346192893401
104,2022-03-08,0.032481249999999996,1.4245583756345175
105,2022-03-09,0.030842708333333333,1.3526954314720812
106,2022-03-10,0.030541666666666665,1.339492385786802
107,2022-03-11,0.030883333333333332,1.3544771573604062
108,2022-03-12,0.028874999999999998,1.2663959390862942
109,2022-03-13,0.02879791666666667,1.263015228426396
110,2022-03-14,0.039713541666666664,1.741751269035533
111,2022-03-15,0.043330208333333335,1.9003705583756347
112,2022-03-16,0.02766041666666667,1.2131269035532997
113,2022-03-17,0.025055208333333332,1.0988680203045684
114,2022-03-18,0.02331354166666667,1.022482233502538
115,2022-03-19,0.024041666666666666,1.0544162436548221
116,2022-03-20,0.024292708333333333,1.0654263959390864
117,2022-03-21,0.023259375,1.0201065989847715
118,2022-03-22,0.02223333333333333,0.9751065989847715
119,2022-03-23,0.02121354166666667,0.9303807106598985
120,2022-03-24,0.021210416666666666,0.9302436548223351
121,2022-03-25,0.021434375000000002,0.9400659898477158
122,2022-03-26,0.0211375,0.9270456852791878
123,2022-03-27,0.021882291666666664,0.959710659898477
124,2022-03-28,0.024121875,1.0579340101522843
125,2022-03-29,0.024033333333333334,1.05405076142132
126,2022-03-30,0.024321875000000003,1.0667055837563453
127,2022-03-31,0.024967708333333335,1.095030456852792
128,2022-04-01,0.035134375,1.5409187817258885
129,2022-04-02,0.03309375,1.4514213197969543
130,2022-04-03,0.029251041666666668,1.2828883248730965
131,2022-04-04,0.03234270833333334,1.4184822335025382
132,2022-04-05,0.05238020833333334,2.2972842639593907
133,2022-04-06,0.04671666666666666,2.048893401015228
134,2022-04-07,0.04464479166666666,1.9580253807106596
135,2022-04-08,0.03163645833333333,1.387507614213198
136,2022-04-09,0.027764583333333332,1.2176954314720811
137,2022-04-10,0.027978125000000003,1.2270609137055837
138,2022-04-11,0.028662499999999997,1.2570761421319796
139,2022-04-12,0.028589583333333335,1.2538781725888324
140,2022-04-13,0.02836354166666667,1.2439644670050765
141,2022-04-14,0.02723333333333333,1.1943959390862944
142,2022-04-15,0.0256125,1.1233096446700508
143,2022-04-16,0.025291666666666667,1.109238578680203
144,2022-04-17,0.025802083333333333,1.1316243654822336
145,2022-04-18,0.0259875,1.1397563451776649
146,2022-04-19,0.024438541666666664,1.0718223350253806
147,2022-04-20,0.023509375,1.0310710659898477
148,2022-04-21,0.021970833333333332,0.9635939086294415
149,2022-04-22,0.020736458333333332,0.909456852791878
150,2022-04-23,0.020976041666666667,0.9199644670050762
151,2022-04-24,0.021041666666666667,0.9228426395939087
152,2022-04-25,0.019761458333333332,0.8666954314720812
153,2022-04-26,0.019470833333333333,0.8539492385786801
154,2022-04-27,0.021471875,0.9417106598984771
155,2022-04-28,0.024854166666666667,1.0900507614213197
156,2022-04-29,0.022787500000000002,0.9994111675126904
157,2022-04-30,0.019323958333333332,0.847507614213198
158,2022-05-01,0.02172708333333333,0.9529035532994923
159,2022-05-02,0.025426041666666666,1.1151319796954315
160,2022-05-03,0.02613958333333333,1.1464263959390864
161,2022-05-04,0.02772604166666667,1.2160050761421322
162,2022-05-05,0.027729166666666666,1.2161421319796955
163,2022-05-06,0.02705625,1.1866294416243655
164,2022-05-07,0.028103125000000003,1.2325431472081219
165,2022-05-08,0.022863541666666667,1.002746192893401
166,2022-05-09,0.022075,0.9681624365482233
167,2022-05-10,0.021291666666666667,0.9338071065989848
168,2022-05-11,0.02288645833333333,1.0037512690355328
169,2022-05-12,0.027630208333333333,1.2118020304568529
170,2022-05-13,0.027662500000000003,1.213218274111675
171,2022-05-14,0.027566666666666666,1.209015228426396
172,2022-05-15,0.02770625,1.2151370558375634
173,2022-05-16,0.027930208333333335,1.2249593908629444
174,2022-05-17,0.028334375,1.2426852791878173
175,2022-05-18,0.028281249999999997,1.2403553299492383
176,2022-05-19,0.028216666666666668,1.237522842639594
177,2022-05-20,0.026247916666666666,1.1511776649746193
178,2022-05-21,0.024279166666666668,1.0648324873096446
179,2022-05-22,0.024435416666666668,1.0716852791878173
180,2022-05-23,0.027473958333333336,1.2049492385786802
181,2022-05-24,0.025533333333333335,1.1198375634517765
182,2022-05-25,0.0262375,1.150720812182741
183,2022-05-26,0.026873958333333333,1.1786345177664974
184,2022-05-27,0.07107395833333334,3.1171522842639594
185,2022-05-28,0.07096770833333334,3.112492385786802
186,2022-05-29,0.023222916666666666,1.018507614213198
187,2022-05-30,0.024945833333333334,1.0940710659898478
188,2022-05-31,0.025413541666666664,1.1145837563451775
189,2022-06-01,0.023632291666666666,1.0364619289340102
190,2022-06-02,0.05379479166666667,2.3593248730964467
191,2022-06-03,0.057101041666666665,2.5043299492385787
192,2022-06-04,0.025329166666666666,1.1108832487309646
193,2022-06-05,0.03046875,1.3362944162436547
194,2022-06-06,0.0409375,1.7954314720812183
195,2022-06-07,0.029540625,1.2955888324873097
196,2022-06-08,0.03368020833333333,1.4771421319796953
197,2022-06-09,0.04134895833333333,1.8134771573604058
198,2022-06-10,0.03151145833333333,1.38202538071066
199,2022-06-11,0.02786875,1.2222639593908629
200,2022-06-12,0.024755208333333334,1.0857106598984771
201,2022-06-13,0.023376041666666666,1.025223350253807
202,2022-06-14,0.027896875,1.223497461928934
203,2022-06-15,0.027872916666666667,1.2224467005076143
204,2022-06-16,0.027546875,1.2081472081218274
205,2022-06-17,0.027397916666666664,1.2016142131979692
206,2022-06-18,0.027435416666666667,1.203258883248731
207,2022-06-19,0.02771770833333333,1.2156395939086295
208,2022-06-20,0.027668750000000002,1.2134923857868023
209,2022-06-21,0.02759375,1.2102030456852793
210,2022-06-22,0.08106458333333334,3.5553197969543153
211,2022-06-23,0.14649791666666667,6.425086294416244
212,2022-06-24,0.021118750000000002,0.9262233502538072
213,2022-06-25,0.021076041666666667,0.9243502538071064
214,2022-06-26,0.020797916666666666,0.9121522842639594
215,2022-06-27,0.026454166666666667,1.160223350253807
216,2022-06-28,0.028080208333333332,1.2315380710659898
217,2022-06-29,0.029134375,1.277771573604061
218,2022-06-30,0.029886458333333334,1.310756345177665
219,2022-07-01,0.02979583333333333,1.306781725888325
220,2022-07-02,0.02948645833333333,1.2932131979695431
221,2022-07-03,0.028912499999999997,1.2680406091370557
222,2022-07-04,0.029438541666666665,1.2911116751269036
223,2022-07-05,0.027767708333333335,1.2178324873096447
224,2022-07-06,0.027397916666666664,1.2016142131979692
225,2022-07-07,0.026789583333333335,1.1749340101522845
226,2022-07-08,0.026579166666666668,1.1657055837563453
227,2022-07-09,0.0206375,0.9051167512690356
228,2022-07-10,0.022711458333333333,0.9960761421319797
229,2022-07-11,0.028406249999999997,1.2458375634517764
230,2022-07-12,0.026225,1.1501725888324874
231,2022-07-13,0.021925,0.9615837563451777
232,2022-07-14,0.017625,0.772994923857868
233,2022-07-15,0.013324999999999998,0.5844060913705582
234,2022-07-16,0.009025,0.39581725888324876
235,2022-07-17,0.004725,0.20722842639593905
236,2022-07-18,0.0007708333333333333,0.033807106598984775
237,2022-07-19,0.0,0.0
238,2022-07-20,0.0,0.0
239,2022-07-21,0.0,0.0
240,2022-07-22,0.0,0.0
241,2022-07-23,0.0002895833333333333,0.012700507614213196
242,2022-07-24,0.007497916666666667,0.32884263959390864
243,2022-07-25,0.013320833333333332,0.5842233502538071
244,2022-07-26,0.011430208333333332,0.5013045685279188
245,2022-07-27,0.0010645833333333334,0.046690355329949244
246,2022-07-28,0.0,0.0
247,2022-07-29,0.0,0.0
248,2022-07-30,0.0,0.0
249,2022-07-31,0.0,0.0
250,2022-08-01,0.0,0.0
251,2022-08-02,0.0,0.0
252,2022-08-03,0.0,0.0
253,2022-08-04,0.0,0.0
254,2022-08-05,0.0,0.0
255,2022-08-06,0.0,0.0
256,2022-08-07,0.0,0.0
257,2022-08-08,0.0,0.0
258,2022-08-09,0.0,0.0
259,2022-08-10,0.0,0.0
260,2022-08-11,0.0,0.0
261,2022-08-12,0.0,0.0
262,2022-08-13,0.0,0.0
263,2022-08-14,0.0,0.0
264,2022-08-15,0.0,0.0
265,2022-08-16,0.0,0.0
266,2022-08-17,0.0,0.0
267,2022-08-18,0.0,0.0
268,2022-08-19,0.0,0.0
269,2022-08-20,0.0,0.0
270,2022-08-21,0.0,0.0
271,2022-08-22,0.0,0.0
272,2022-08-23,0.0,0.0
273,2022-08-24,0.0,0.0
274,2022-08-25,0.0,0.0
275,2022-08-26,0.0,0.0
276,2022-08-27,0.0,0.0
277,2022-08-28,0.0,0.0
278,2022-08-29,0.0,0.0
279,2022-08-30,0.0,0.0
280,2022-08-31,0.0,0.0
281,2022-09-01,0.0,0.0
282,2022-09-02,0.0,0.0
283,2022-09-03,0.0,0.0
284,2022-09-04,0.0,0.0
285,2022-09-05,0.0,0.0
286,2022-09-06,0.0,0.0
287,2022-09-07,0.0,0.0
288,2022-09-08,0.0,0.0
289,2022-09-09,0.0,0.0
290,2022-09-10,0.0,0.0
291,2022-09-11,0.0,0.0
292,2022-09-12,0.0,0.0
293,2022-09-13,0.02621979166666667,1.1499441624365483
294,2022-09-14,0.07910208333333334,3.4692487309644675
295,2022-09-15,0.07283854166666666,3.194543147208121
296,2022-09-16,0.064646875,2.8352741116751274
297,2022-09-17,0.03878854166666667,1.7011827411167513
298,2022-09-18,0.012696875000000002,0.5568578680203047
299,2022-09-19,0.055671875,2.441649746192893
300,2022-09-20,0.12776354166666667,5.603436548223351
301,2022-09-21,0.12198750000000001,5.350111675126905
302,2022-09-22,0.12672083333333334,5.557705583756345
303,2022-09-23,0.12640937500000002,5.544045685279189
304,2022-09-24,0.11101041666666667,4.8686802030456855
305,2022-09-25,0.119278125,5.231284263959391
306,2022-09-26,0.101184375,4.437730964467004
307,2022-09-27,0.12549375,5.503888324873096
308,2022-09-28,0.0222625,0.9763857868020305
309,2022-09-29,0.013655208333333333,0.5988883248730964
310,2022-09-30,0.017813541666666665,0.7812639593908629
311,2022-10-01,0.07434583333333333,3.2606497461928936
312,2022-10-02,0.015027083333333335,0.6590558375634519
313,2022-10-03,0.014295833333333334,0.6269847715736041
314,2022-10-04,0.0543625,2.3842233502538073
315,2022-10-05,0.037816666666666665,1.6585583756345175
316,2022-10-06,0.09417604166666667,4.130360406091371
317,2022-10-07,0.117253125,5.1424720812182745
318,2022-10-08,0.13402083333333334,5.877868020304568
319,2022-10-09,0.06476979166666667,2.84066497461929
320,2022-10-10,0.05706041666666667,2.502548223350254
321,2022-10-11,0.014294791666666667,0.6269390862944162
322,2022-10-12,0.014090625,0.6179847715736041
323,2022-10-13,0.015057291666666667,0.6603807106598985
324,2022-10-14,0.014820833333333333,0.650010152284264
325,2022-10-15,0.017245833333333332,0.7563654822335024
326,2022-10-16,0.016342708333333334,0.716756345177665
327,2022-10-17,0.013970833333333333,0.612730964467005
328,2022-10-18,0.014082291666666668,0.6176192893401017
329,2022-10-19,0.014109375,0.6188071065989847
330,2022-10-20,0.016028125,0.7029593908629441
331,2022-10-21,0.016192708333333333,0.7101776649746193
332,2022-10-22,0.01595625,0.6998071065989849
333,2022-10-23,0.016813541666666668,0.7374060913705585
334,2022-10-24,0.025077083333333333,1.0998274111675126
335,2022-10-25,0.019855208333333332,0.8708071065989847
336,2022-10-26,0.014680208333333333,0.6438426395939086
337,2022-10-27,0.012009375000000001,0.5267055837563451
338,2022-10-28,0.013245833333333333,0.5809340101522843
339,2022-10-29,0.013976041666666666,0.6129593908629442
340,2022-10-30,0.014042708333333334,0.6158832487309644
341,2022-10-31,0.015966666666666667,0.700263959390863
342,2022-11-01,0.01586458333333333,0.6957868020304567
343,2022-11-02,0.0115875,0.5082030456852792
344,2022-11-03,0.013419791666666667,0.5885634517766497
345,2022-11-04,0.01629375,0.7146091370558376
346,2022-11-05,0.012277083333333334,0.5384467005076142
347,2022-11-06,0.01299375,0.5698781725888324
348,2022-11-07,0.032665625,1.4326446700507613
349,2022-11-08,0.016572916666666666,0.7268527918781726
350,2022-11-09,0.013658333333333333,0.5990253807106599
351,2022-11-10,0.013157291666666668,0.5770507614213198
352,2022-11-11,0.021229166666666664,0.9310659898477156
353,2022-11-12,0.01825520833333333,0.8006345177664974
354,2022-11-13,0.02140520833333333,0.9387868020304567
355,2022-11-14,0.024705208333333336,1.083517766497462
356,2022-11-15,0.022797916666666668,0.9998680203045687
357,2022-11-16,0.024469791666666667,1.0731928934010153
358,2022-11-17,0.02506145833333333,1.0991421319796955
359,2022-11-18,0.018861458333333334,0.8272233502538072
360,2022-11-19,0.026610416666666668,1.1670761421319797
361,2022-11-20,0.023346875,1.0239441624365482
362,2022-11-21,0.028690625,1.2583096446700508
363,2022-11-22,0.02204895833333333,0.9670203045685278
364,2022-11-23,0.015748958333333334,0.6907157360406091
365,2022-11-24,0.021802083333333333,0.9561928934010152
366,2022-11-25,0.03073645833333333,1.3480355329949238
367,2022-11-26,0.03136041666666667,1.3754010152284264
368,2022-11-27,0.026220833333333332,1.149989847715736
369,2022-11-28,0.039052083333333334,1.712741116751269
370,2022-11-29,0.022765625,0.9984517766497462
371,2022-11-30,0.029037499999999997,1.273522842639594
372,2022-12-01,0.03049375,1.3373908629441624
373,2022-12-02,0.007665625,0.33619796954314723
374,2022-12-03,0.016416666666666666,0.72
375,2022-12-04,0.019371875,0.8496091370558375
376,2022-12-05,0.019470833333333333,0.8539492385786801
377,2022-12-06,0.023222916666666666,1.018507614213198
378,2022-12-07,0.03460625,1.5177563451776648
379,2022-12-08,0.027417708333333332,1.202482233502538
380,2022-12-09,0.00805,0.3530558375634518
381,2022-12-10,0.011417708333333334,0.500756345177665
382,2022-12-11,0.014718750000000001,0.645532994923858
383,2022-12-12,0.014984375000000001,0.6571827411167513
384,2022-12-13,0.020225,0.8870253807106601
385,2022-12-14,0.005747916666666666,0.2520913705583756
386,2022-12-15,0.012883333333333332,0.5650355329949237
387,2022-12-16,0.016334375,0.7163908629441625
388,2022-12-17,0.012852083333333333,0.5636649746192893
389,2022-12-18,0.0059479166666666665,0.2608629441624365
390,2022-12-19,0.017811458333333332,0.7811725888324872
391,2022-12-20,0.028338541666666665,1.2428680203045686
392,2022-12-21,0.042071875,1.8451827411167512
393,2022-12-22,0.040978125,1.7972131979695432
394,2022-12-23,0.064275,2.8189644670050766
395,2022-12-24,0.06294999999999999,2.7608527918781722
396,2022-12-25,0.053096874999999995,2.328715736040609
397,2022-12-26,0.06229166666666667,2.731979695431472
398,2022-12-27,0.04466354166666667,1.9588477157360407
399,2022-12-28,0.045217708333333335,1.9831522842639593
400,2022-12-29,0.050181250000000004,2.200842639593909
401,2022-12-30,0.04131354166666667,1.8119238578680203
402,2022-12-31,0.08570312499999999,3.7587563451776647
403,2023-01-01,0.06475312500000001,2.8399340101522847
404,2023-01-02,0.077775,3.4110456852791873
405,2023-01-03,0.05400729166666667,2.3686446700507617
406,2023-01-04,0.0643875,2.8238984771573605
407,2023-01-05,0.049853125,2.186451776649746
408,2023-01-06,0.042955208333333335,1.8839238578680204
409,2023-01-07,0.041430208333333336,1.817040609137056
410,2023-01-08,0.04268645833333334,1.8721370558375634
411,2023-01-09,0.040396875,1.771720812182741
412,2023-01-10,0.03822604166666667,1.67651269035533
413,2023-01-11,0.06947916666666666,3.0472081218274107
414,2023-01-12,0.119115625,5.224157360406092
415,2023-01-13,0.10587604166666666,4.643497461928933
416,2023-01-14,0.09381666666666666,4.114598984771574
417,2023-01-15,0.08488645833333335,3.722939086294417
418,2023-01-16,0.08468541666666667,3.7141218274111676
419,2023-01-17,0.08275,3.629238578680203
420,2023-01-18,0.05260520833333333,2.3071522842639594
421,2023-01-19,0.05326770833333333,2.3362081218274113
422,2023-01-20,0.04674479166666667,2.0501269035532994
423,2023-01-21,0.03859270833333333,1.6925939086294415
424,2023-01-22,0.036278125,1.5910812182741119
425,2023-01-23,0.034146875,1.4976091370558375
426,2023-01-24,0.03219166666666667,1.4118578680203049
427,2023-01-25,0.03292395833333333,1.4439746192893401
428,2023-01-26,0.033916666666666664,1.48751269035533
429,2023-01-27,0.031986458333333335,1.4028578680203045
430,2023-01-28,0.028502083333333334,1.250040609137056
431,2023-01-29,0.028072916666666666,1.231218274111675
432,2023-01-30,0.029544791666666667,1.295771573604061
433,2023-01-31,0.027507291666666666,1.2064111675126903
434,2023-02-01,0.027584374999999998,1.209791878172589
435,2023-02-02,0.02489791666666667,1.091969543147208
436,2023-02-03,0.026023958333333333,1.1413553299492385
437,2023-02-04,0.022695833333333332,0.9953908629441625
438,2023-02-05,0.024872916666666665,1.0908730964467006
439,2023-02-06,0.024126041666666667,1.0581167512690355
440,2023-02-07,0.023317708333333336,1.0226649746192895
441,2023-02-08,0.022658333333333332,0.9937461928934009
442,2023-02-09,0.021276041666666665,0.9331218274111674
443,2023-02-10,0.020821875,0.9132030456852791
444,2023-02-11,0.021184375000000002,0.9291015228426397
445,2023-02-12,0.020532291666666667,0.900502538071066
446,2023-02-13,0.021440625,0.9403401015228426
447,2023-02-14,0.020498958333333334,0.8990406091370559
448,2023-02-15,0.02083692307692308,0.913863022256931
449,2023-02-18,0.02359767441860465,1.0349436902372802
450,2023-02-19,0.024614583333333332,1.0795431472081218
451,2023-02-20,0.023329166666666665,1.0231675126903554
452,2023-02-21,0.022408333333333336,0.982781725888325
453,2023-02-22,0.022023958333333333,0.9659238578680203
454,2023-02-23,0.024094791666666667,1.056746192893401
455,2023-02-24,0.0256625,1.125502538071066
456,2023-02-25,0.023477083333333332,1.0296548223350255
457,2023-02-26,0.020567708333333334,0.9020558375634518
458,2023-02-27,0.019639583333333332,0.8613502538071065
459,2023-02-28,0.019751041666666667,0.866238578680203
460,2023-03-01,0.019710416666666668,0.8644568527918782
461,2023-03-02,0.019689583333333333,0.863543147208122
462,2023-03-03,0.01923229166666667,0.8434873096446701
463,2023-03-04,0.019921875000000002,0.8737309644670052
464,2023-03-05,0.02166770833333333,0.9502994923857867
465,2023-03-06,0.022539583333333335,0.98853807106599
466,2023-03-07,0.04014583333333333,1.760710659898477
467,2023-03-08,0.05366666666666667,2.353705583756345
468,2023-03-09,0.059849999999999993,2.624893401015228
469,2023-03-10,0.17303229166666667,7.588827411167514
470,2023-03-11,0.10999791666666665,4.824274111675126
471,2023-03-12,0.06736874999999999,2.954649746192893
472,2023-03-13,0.06252083333333333,2.742030456852792
473,2023-03-14,0.04558020833333334,1.99905076142132
474,2023-03-15,0.05344895833333333,2.3441573604060912
475,2023-03-16,0.04506354166666667,1.9763908629441627
476,2023-03-17,0.03764375,1.65097461928934
477,2023-03-18,0.03301770833333333,1.4480862944162436
478,2023-03-19,0.028992708333333336,1.271558375634518
479,2023-03-20,0.026888541666666668,1.1792741116751269
480,2023-03-21,0.02699375,1.1838883248730965
481,2023-03-22,0.027037500000000003,1.1858071065989848
482,2023-03-23,0.037590624999999996,1.648644670050761
483,2023-03-24,0.05071041666666667,2.22405076142132
484,2023-03-25,0.04415416666666667,1.936507614213198
485,2023-03-26,0.08425833333333332,3.695390862944162
486,2023-03-27,0.06836770833333333,2.9984619289340095
487,2023-03-28,0.055373958333333334,2.4285837563451778
488,2023-03-29,0.049094791666666665,2.153192893401015
489,2023-03-30,0.043678125000000005,1.915629441624366
490,2023-03-31,0.08286770833333333,3.634401015228426
491,2023-04-01,0.13123020833333335,5.755477157360406
492,2023-04-02,0.10370416666666667,4.548243654822335
493,2023-04-03,0.061671874999999994,2.7047969543147206
494,2023-04-04,0.04401458333333333,1.9303857868020302
495,2023-04-05,0.03356666666666667,1.4721624365482235
496,2023-04-06,0.039582291666666665,1.7359949238578678
497,2023-04-07,0.04854270833333333,2.1289796954314717
498,2023-04-08,0.036484375,1.6001269035532995
499,2023-04-09,0.03180625,1.394954314720812
500,2023-04-10,0.029681250000000003,1.301756345177665
501,2023-04-11,0.030590625,1.3416395939086294
502,2023-04-12,0.048573958333333334,2.1303502538071064
503,2023-04-13,0.05432395833333333,2.382532994923858
504,2023-04-14,0.036872916666666665,1.617167512690355
505,2023-04-15,0.029358333333333334,1.2875939086294417
506,2023-04-16,0.026247916666666666,1.1511776649746193
507,2023-04-17,0.024960416666666665,1.0947106598984773
508,2023-04-18,0.02349583333333333,1.030477157360406
509,2023-04-19,0.022454166666666667,0.9847918781725888
510,2023-04-20,0.021963541666666666,0.9632741116751268
511,2023-04-21,0.027667708333333332,1.2134467005076142
512,2023-04-22,0.027268749999999998,1.19594923857868
513,2023-04-23,0.02710104166666667,1.188593908629442
514,2023-04-24,0.045954166666666664,2.0154517766497464
515,2023-04-25,0.041580208333333334,1.8236192893401015
516,2023-04-26,0.032815625,1.4392233502538074
517,2023-04-27,0.027763043478260866,1.2176278967115426
518,2023-04-28,0.028721874999999997,1.259680203045685
519,2023-04-29,0.026194791666666665,1.1488477157360404
520,2023-04-30,0.022567708333333335,0.989771573604061
521,2023-05-01,0.022610416666666664,0.9916446700507614
522,2023-05-02,0.021398958333333332,0.9385126903553299
523,2023-05-03,0.01956875,0.8582436548223349
524,2023-05-04,0.017222916666666668,0.7553604060913706
525,2023-05-05,0.016527083333333335,0.7248426395939086
526,2023-05-06,0.017066666666666667,0.748507614213198
527,2023-05-07,0.018375,0.8058883248730965
528,2023-05-08,0.02023541666666667,0.8874822335025382
529,2023-05-09,0.029386458333333334,1.2888274111675126
530,2023-05-10,0.05356770833333333,2.3493654822335026
531,2023-05-11,0.041625,1.8255837563451776
532,2023-05-12,0.03888958333333333,1.7056142131979695
533,2023-05-13,0.030792708333333335,1.350502538071066
534,2023-05-14,0.024997916666666665,1.0963553299492386
535,2023-05-15,0.022704166666666668,0.9957563451776651
536,2023-05-16,0.019251041666666666,0.8443096446700508
537,2023-05-17,0.016330208333333335,0.7162081218274113
538,2023-05-18,0.014789583333333333,0.6486395939086295
539,2023-05-19,0.013934374999999999,0.6111319796954314
540,2023-05-20,0.013842708333333334,0.6071116751269036
541,2023-05-21,0.013620833333333334,0.5973807106598985
542,2023-05-22,0.012886458333333335,0.5651725888324874
543,2023-05-23,0.011739583333333333,0.5148730964467004
544,2023-05-24,0.009355208333333333,0.4102994923857868
545,2023-05-25,0.008546875,0.3748477157360406
546,2023-05-26,0.016404166666666668,0.7194517766497464
547,2023-05-27,0.02311458333333333,1.013756345177665
548,2023-05-28,0.015616666666666668,0.6849137055837563
549,2023-05-29,0.013728125,0.6020862944162436
550,2023-05-30,0.014423958333333334,0.6326040609137056
551,2023-05-31,0.027308333333333334,1.1976852791878172
552,2023-06-01,0.036172916666666666,1.586467005076142
553,2023-06-02,0.0070979166666666664,0.3112994923857868
554,2023-06-03,0.035437500000000004,1.5542131979695435
555,2023-06-04,0.02634375,1.1553807106598986
556,2023-06-05,0.04096770833333333,1.796756345177665
557,2023-06-06,0.03389166666666667,1.4864162436548223
558,2023-06-07,0.03211354166666667,1.4084314720812185
559,2023-06-08,0.013127083333333333,0.5757258883248731
560,2023-06-09,0.017438541666666665,0.7648172588832487
561,2023-06-10,0.01473125,0.6460812182741117
562,2023-06-11,0.027117708333333334,1.1893248730964467
563,2023-06-12,0.030248958333333336,1.3266548223350254
564,2023-06-13,0.016494791666666665,0.7234263959390862
565,2023-06-14,0.016138541666666666,0.7078020304568526
566,2023-06-15,0.016728125,0.7336598984771573
567,2023-06-16,0.017713541666666666,0.7768781725888324
568,2023-06-17,0.006728125000000001,0.29508121827411166
569,2023-06-18,0.007670833333333334,0.33642639593908635
570,2023-06-19,0.0055114583333333335,0.2417208121827411
571,2023-06-20,0.005383333333333334,0.23610152284263963
572,2023-06-21,0.004875,0.21380710659898478
573,2023-06-22,0.0071489583333333336,0.31353807106598985
574,2023-06-23,0.015890625000000002,0.6969289340101524
575,2023-06-24,0.019739583333333335,0.8657360406091372
576,2023-06-25,0.018229166666666668,0.799492385786802
577,2023-06-26,0.01784166666666667,0.7824974619289341
578,2023-06-27,0.01243125,0.5452081218274112
579,2023-06-28,0.010365625,0.4546142131979695
580,2023-06-29,0.01184375,0.5194416243654822
581,2023-06-30,0.011847916666666666,0.5196243654822335
582,2023-07-01,0.011695833333333334,0.5129543147208122
583,2023-07-02,0.011853124999999999,0.5198527918781726
584,2023-07-03,0.012313541666666665,0.5400456852791878
585,2023-07-04,0.012672916666666666,0.5558071065989848
586,2023-07-05,0.014521874999999998,0.6368984771573603
587,2023-07-06,0.024439583333333334,1.0718680203045685
588,2023-07-07,0.013320833333333332,0.5842233502538071
589,2023-07-08,0.03166354166666666,1.388695431472081
590,2023-07-09,0.016208333333333335,0.7108629441624367
591,2023-07-10,0.015959375,0.6999441624365483
592,2023-07-11,0.009611458333333333,0.42153807106598984
593,2023-07-12,0.0056927083333333335,0.24967005076142132
594,2023-07-13,0.01094375,0.47996954314720813
595,2023-07-14,0.016983333333333333,0.7448527918781725
596,2023-07-15,0.021303125000000003,0.9343096446700508
597,2023-07-16,0.007308333333333333,0.3205279187817259
598,2023-07-17,0.013878125,0.6086649746192894
599,2023-07-18,0.016845833333333334,0.7388223350253809
600,2023-07-19,0.012969791666666666,0.5688274111675127
601,2023-07-20,0.039703125,1.7412944162436548
602,2023-07-21,0.005328125,0.2336802030456853
603,2023-07-22,0.006019791666666666,0.26401522842639596
604,2023-07-23,0.004292708333333333,0.18826903553299493
605,2023-07-24,0.017901041666666666,0.7851015228426395
606,2023-07-25,0.019188541666666666,0.8415685279187817
607,2023-07-26,0.01684375,0.738730964467005
608,2023-07-27,0.024958333333333332,1.0946192893401014
609,2023-07-28,0.028045833333333336,1.2300304568527918
610,2023-07-29,0.024853125,1.090005076142132
611,2023-07-30,0.026684375,1.1703197969543147
612,2023-07-31,0.0449375,1.9708629441624366
613,2023-08-01,0.049999999999999996,2.192893401015228
614,2023-08-02,0.06842708333333333,3.001065989847716
615,2023-08-03,0.0955375,4.190071065989847
616,2023-08-04,0.057389583333333334,2.516984771573604
617,2023-08-05,0.03739270833333334,1.6399644670050764
618,2023-08-06,0.05324895833333334,2.335385786802031
619,2023-08-07,0.059473958333333334,2.6084010152284263
620,2023-08-08,0.04069166666666667,1.7846497461928936
621,2023-08-09,0.052440625,2.2999340101522843
622,2023-08-10,0.034029166666666666,1.4924467005076143
623,2023-08-11,0.025080208333333336,1.099964467005076
624,2023-08-12,0.067871875,2.9767157360406094
625,2023-08-13,0.05505416666666666,2.4145583756345173
626,2023-08-14,0.03399791666666667,1.4910761421319796
627,2023-08-15,0.011357291666666667,0.49810659898477155
628,2023-08-16,4.479166666666667e-05,0.0019644670050761423
629,2023-08-17,0.010167708333333332,0.44593401015228423
630,2023-08-18,0.021984375,0.9641878172588833
631,2023-08-19,0.020469791666666667,0.897761421319797
632,2023-08-20,0.0193125,0.8470050761421319
633,2023-08-21,0.019034375,0.8348071065989847
634,2023-08-22,0.017298958333333333,0.7586954314720811
635,2023-08-23,0.014696875,0.6445736040609137
636,2023-08-24,0.01535625,0.673492385786802
637,2023-08-25,0.022911458333333332,1.0048477157360407
638,2023-08-26,0.024738541666666666,1.084979695431472
639,2023-08-27,0.023584375,1.0343604060913707
640,2023-08-28,0.026129166666666665,1.1459695431472081
641,2023-08-29,0.025504166666666665,1.1185583756345174
642,2023-08-30,0.025208333333333333,1.1055837563451776
643,2023-08-31,0.028521875,1.2509086294416243
644,2023-09-01,0.035609375,1.561751269035533
645,2023-09-02,0.05835520833333333,2.559335025380711
646,2023-09-03,0.037390625000000004,1.6398730964467008
647,2023-09-04,0.031394791666666665,1.3769086294416242
648,2023-09-05,0.02392291666666667,1.0492081218274112
649,2023-09-06,0.019665625,0.8624923857868019
650,2023-09-07,0.02126875,0.9328020304568528
651,2023-09-08,0.021082291666666666,0.9246243654822335
652,2023-09-09,0.017982291666666667,0.7886649746192894
653,2023-09-10,0.017410416666666668,0.7635837563451776
654,2023-09-11,0.016575,0.7269441624365482
655,2023-09-12,0.03520625,1.544071065989848
656,2023-09-13,0.03732708333333334,1.6370862944162436
657,2023-09-14,0.032183333333333335,1.4114923857868023
658,2023-09-15,0.029097916666666668,1.2761725888324873
659,2023-09-16,0.03048020833333333,1.3367969543147207
660,2023-09-17,0.057021875,2.5008578680203044
661,2023-09-18,0.0548625,2.4061522842639596
662,2023-09-19,0.042065624999999995,1.8449086294416241
663,2023-09-20,0.034465625,1.51158883248731
664,2023-09-21,0.041032291666666665,1.7995888324873097
665,2023-09-22,0.05248645833333334,2.3019441624365484
666,2023-09-23,0.06394166666666666,2.804345177664975
667,2023-09-24,0.04469791666666667,1.960355329949239
668,2023-09-25,0.03497083333333333,1.533746192893401
669,2023-09-26,0.032055208333333335,1.4058730964467006
670,2023-09-27,0.028839583333333335,1.2648426395939085
671,2023-09-28,0.028697916666666667,1.2586294416243655
672,2023-09-29,0.025551041666666666,1.1206142131979695
673,2023-09-30,0.024175000000000002,1.060263959390863
674,2023-10-01,0.023515625,1.0313451776649747
675,2023-10-02,0.014489583333333333,0.6354822335025381
676,2023-10-03,0.011789583333333332,0.5170659898477158
677,2023-10-04,0.010638541666666668,0.46658375634517774
678,2023-10-05,0.008020833333333333,0.3517766497461928
679,2023-10-06,0.009466666666666667,0.41518781725888326
680,2023-10-07,0.014280208333333334,0.6262994923857867
681,2023-10-08,0.013828124999999998,0.606472081218274
682,2023-10-09,0.013838541666666667,0.6069289340101522
683,2023-10-10,0.014739583333333334,0.6464467005076142
684,2023-10-11,0.015564583333333333,0.6826294416243655
685,2023-10-12,0.019155208333333333,0.8401065989847716
686,2023-10-13,0.032259375,1.4148274111675128
687,2023-10-14,0.039896875,1.7497918781725887
688,2023-10-15,0.033434374999999995,1.4663604060913704
689,2023-10-16,0.029777083333333332,1.305959390862944
690,2023-10-17,0.026708333333333334,1.1713705583756344
691,2023-10-18,0.02746875,1.204720812182741
692,2023-10-19,0.04841458333333334,2.1233604060913707
693,2023-10-20,0.12290000000000001,5.390131979695432
694,2023-10-21,0.08106458333333334,3.5553197969543153
695,2023-10-22,0.052191666666666664,2.289015228426396
696,2023-10-23,0.044348958333333334,1.9450507614213197
697,2023-10-24,0.05366666666666667,2.353705583756345
698,2023-10-25,0.08225833333333334,3.607675126903554
699,2023-10-26,0.09754270833333334,4.278015228426396
700,2023-10-27,0.10730416666666666,4.7061319796954315
701,2023-10-28,0.08449166666666667,3.705624365482234
702,2023-10-29,0.077646875,3.4054263959390867
703,2023-10-30,0.062159374999999996,2.726177664974619
704,2023-10-31,0.07267291666666667,3.187279187817259
705,2023-11-01,0.056442708333333334,2.4754568527918783
706,2023-11-02,0.059226041666666666,2.5975279187817257
707,2023-11-03,0.047572916666666666,2.086446700507614
708,2023-11-04,0.045185416666666665,1.981736040609137
709,2023-11-05,0.04636666666666667,2.033543147208122
710,2023-11-06,0.04075729166666667,1.787527918781726
711,2023-11-07,0.03934166666666667,1.7254416243654822
712,2023-11-08,0.035178125,1.5428375634517764
713,2023-11-09,0.07659479166666668,3.3592842639593914
714,2023-11-10,0.07864583333333333,3.449238578680203
715,2023-11-11,0.12869375,5.644233502538071
716,2023-11-12,0.064290625,2.8196497461928938
717,2023-11-13,0.08024166666666667,3.5192284263959395
718,2023-11-14,0.11533645833333334,5.05841116751269
719,2023-11-15,0.23121458333333333,10.140578680203046
720,2023-11-16,0.09714166666666667,4.260426395939087
721,2023-11-17,0.057272916666666666,2.5118680203045685
722,2023-11-18,0.06570520833333333,2.8816903553299493
723,2023-11-19,0.085653125,3.7565634517766497
724,2023-11-20,0.06901354166666666,3.0267868020304567
725,2023-11-21,0.054571875,2.3934060913705584
726,2023-11-22,0.044598958333333334,1.9560152284263959
727,2023-11-23,0.04133958333333333,1.8130659898477155
728,2023-11-24,0.03131770833333333,1.373527918781726
729,2023-11-25,0.042529166666666667,1.865238578680203
730,2023-11-26,0.03645416666666667,1.598802030456853
731,2023-11-27,0.18366562500000003,8.055182741116754
732,2023-11-28,0.23671666666666666,10.381888324873097
733,2023-11-29,0.10631145833333333,4.662593908629441
734,2023-11-30,0.075653125,3.317984771573604
735,2023-12-01,0.05297916666666667,2.323553299492386
736,2023-12-02,0.037795833333333334,1.6576446700507614
737,2023-12-03,0.036365625,1.5949187817258883
738,2023-12-04,0.042571875,1.8671116751269035
739,2023-12-05,0.10129791666666667,4.442710659898477
740,2023-12-06,0.06156770833333333,2.700228426395939
741,2023-12-07,0.048143750000000006,2.1114822335025383
742,2023-12-08,0.04429375,1.9426294416243657
743,2023-12-09,0.056457291666666666,2.4760964467005078
744,2023-12-10,0.06421041666666667,2.816131979695432
745,2023-12-11,0.057703125,2.530736040609137
746,2023-12-12,0.05067708333333334,2.2225888324873098
747,2023-12-13,0.06622083333333333,2.9043045685279187
748,2023-12-14,0.04719375,2.0698172588832486
749,2023-12-15,0.033104166666666664,1.4518781725888326
750,2023-12-16,0.026229166666666665,1.1503553299492386
751,2023-12-17,0.02972395833333333,1.3036294416243654
752,2023-12-18,0.02771875,1.2156852791878172
753,2023-12-19,0.04391979166666667,1.9262284263959395
754,2023-12-20,0.06669791666666668,2.925228426395939
755,2023-12-21,0.080371875,3.524939086294416
756,2023-12-22,0.2547052083333333,11.170827411167513
757,2023-12-23,0.222021875,9.73740609137056
758,2023-12-24,0.169553125,7.436238578680203
759,2023-12-25,0.30411354166666665,13.33777157360406
760,2023-12-26,0.26570625,11.653309644670049
761,2023-12-27,0.14351041666666667,6.294060913705584
762,2023-12-28,0.09205104166666667,4.037162436548224
763,2023-12-29,0.09245520833333333,4.0548883248730965
764,2023-12-30,0.08339479166666668,3.6575177664974623
765,2023-12-31,0.06364166666666667,2.791187817258883
766,2024-01-01,0.04915,2.1556142131979694
767,2024-01-02,0.180640625,7.92251269035533
768,2024-01-03,0.20466145833333335,8.976015228426396
769,2024-01-04,0.2399416666666667,10.523329949238581
770,2024-01-05,0.15538229166666667,6.814736040609137
771,2024-01-06,0.09221041666666667,4.0441522842639595
772,2024-01-07,0.05809375,2.5478680203045685
773,2024-01-08,0.0404875,1.7756954314720814
774,2024-01-09,0.025190624999999998,1.1048071065989846
775,2024-01-10,0.010319791666666666,0.4526040609137056
776,2024-01-11,0.012398958333333333,0.5437918781725888
777,2024-01-12,0.022743749999999997,0.9974923857868018
778,2024-01-13,0.027260416666666665,1.1955837563451777
779,2024-01-14,0.033296875,1.4603299492385786
780,2024-01-15,0.040141666666666666,1.760527918781726
781,2024-01-16,0.035124999999999997,1.540507614213198
782,2024-01-17,0.032565625,1.4282588832487313
783,2024-01-18,0.016442708333333333,0.7211421319796955
784,2024-01-19,0.005853125,0.25670558375634517
785,2024-01-20,0.005513541666666667,0.24181218274111674
786,2024-01-21,0.007019791666666666,0.3078730964467005
787,2024-01-22,0.03531770833333333,1.548959390862944
788,2024-01-23,0.035734375,1.567233502538071
789,2024-01-24,0.03369375,1.477736040609137
790,2024-01-25,0.02805520833333333,1.2304416243654823
791,2024-01-26,0.03495104166666667,1.5328781725888325
792,2024-01-27,0.030455208333333334,1.3357005076142132
793,2024-01-28,0.0273875,1.2011573604060914
794,2024-01-29,0.025995833333333333,1.1401218274111675
795,2024-01-30,0.023871875,1.0469695431472081
796,2024-01-31,0.02334375,1.0238071065989847
797,2024-02-01,0.025571874999999997,1.121527918781726
798,2024-02-02,0.02308125,1.012294416243655
799,2024-02-03,0.023665625,1.03792385786802
800,2024-02-04,0.04456458333333333,1.954507614213198
801,2024-02-05,0.04549375,1.995258883248731
802,2024-02-06,0.03498854166666667,1.534522842639594
803,2024-02-07,0.11152083333333333,4.891065989847716
804,2024-02-08,0.10738020833333334,4.709467005076142
805,2024-02-09,0.2569385416666667,11.268776649746195
806,2024-02-10,0.08451770833333333,3.706766497461929
807,2024-02-11,0.05833333333333333,2.5583756345177666
808,2024-02-12,0.041843750000000006,1.8351776649746194
809,2024-02-13,0.032894791666666666,1.442695431472081
810,2024-02-14,0.034169791666666664,1.4986142131979694
811,2024-02-15,0.04153958333333333,1.8218375634517767
812,2024-02-16,0.03767291666666667,1.652253807106599
813,2024-02-17,0.03229166666666667,1.4162436548223352
814,2024-02-18,0.0394375,1.7296446700507615
815,2024-02-19,0.04060729166666666,1.78094923857868
816,2024-02-20,0.035514583333333336,1.5575939086294417
817,2024-02-21,0.03682291666666667,1.6149746192893404
818,2024-02-22,0.05006770833333333,2.1958629441624367
819,2024-02-23,0.048037500000000004,2.1068223350253805
820,2024-02-24,0.033175,1.4549847715736044
821,2024-02-25,0.03234895833333334,1.418756345177665
822,2024-02-26,0.051416666666666666,2.2550253807106597
823,2024-02-27,0.057028125000000006,2.5011319796954314
824,2024-02-28,0.037507291666666664,1.644989847715736
825,2024-02-29,0.036443750000000004,1.5983451776649746
826,2024-03-01,0.03477708333333333,1.5252487309644667
827,2024-03-02,0.02842916666666667,1.2468426395939087
828,2024-03-03,0.024467708333333334,1.0731015228426395
829,2024-03-04,0.020897916666666665,0.9165380710659897
830,2024-03-05,0.020736458333333332,0.909456852791878
831,2024-03-06,0.019777083333333334,0.8673807106598985
832,2024-03-07,0.020561458333333334,0.9017817258883248
833,2024-03-08,0.020522916666666665,0.9000913705583755
834,2024-03-09,0.020040625,0.8789390862944161
835,2024-03-10,0.018708333333333334,0.820507614213198
836,2024-03-11,0.051514583333333336,2.2593197969543146
837,2024-03-12,0.07247916666666666,3.1787817258883244
838,2024-03-13,0.06962395833333333,3.053558375634518
839,2024-03-14,0.049315625,2.1628781725888326
840,2024-03-15,0.03897916666666667,1.7095431472081222
841,2024-03-16,0.03146145833333333,1.3798324873096444
842,2024-03-17,0.028486458333333336,1.2493553299492386
843,2024-03-18,0.027994791666666668,1.2277918781725887
844,2024-03-19,0.0233375,1.023532994923858
845,2024-03-20,0.0223375,0.9796751269035532
846,2024-03-21,0.019411458333333333,0.8513451776649746
847,2024-03-22,0.022523958333333333,0.9878527918781725
848,2024-03-23,0.03632395833333333,1.5930913705583754
849,2024-03-24,0.044876041666666665,1.9681675126903553
850,2024-03-25,0.03814479166666667,1.6729492385786804
851,2024-03-26,0.031802083333333335,1.394771573604061
852,2024-03-27,0.026768749999999997,1.1740203045685276
853,2024-03-28,0.028891666666666666,1.2671269035532995
854,2024-03-29,0.027245833333333334,1.1949441624365482
855,2024-03-30,0.024768750000000003,1.0863045685279191
856,2024-03-31,0.023428124999999998,1.0275076142131978
857,2024-04-01,0.023304166666666667,1.0220710659898478
858,2024-04-02,0.022321875,0.9789898477157362
859,2024-04-03,0.027309375,1.197730964467005
860,2024-04-04,0.04715729166666666,2.068218274111675
861,2024-04-05,0.045253125,1.984705583756345
862,2024-04-06,0.031989583333333335,1.402994923857868
863,2024-04-07,0.024604166666666667,1.0790862944162436
864,2024-04-08,0.0271875,1.1923857868020304
865,2024-04-09,0.023376041666666666,1.025223350253807
866,2024-04-10,0.018714583333333333,0.8207817258883249
867,2024-04-11,0.017410416666666668,0.7635837563451776
868,2024-04-12,0.017565624999999998,0.7703908629441624
869,2024-04-13,0.017635416666666667,0.7734517766497462
870,2024-04-14,0.016628125,0.7292741116751269
871,2024-04-15,0.019768749999999998,0.8670152284263958
872,2024-04-16,0.031084375,1.3632944162436549
873,2024-04-17,0.034282291666666666,1.5035482233502537
874,2024-04-18,0.031781250000000004,1.3938578680203049
875,2024-04-19,0.041502083333333335,1.8201928934010154
876,2024-04-20,0.048788541666666664,2.139761421319797
877,2024-04-21,0.03896666666666667,1.708994923857868
878,2024-04-22,0.031122916666666667,1.364984771573604
879,2024-04-23,0.031047916666666665,1.3616954314720813
880,2024-04-24,0.0302875,1.3283451776649746
881,2024-04-25,0.029031249999999998,1.2732487309644667
882,2024-04-26,0.025295833333333333,1.1094213197969542
883,2024-04-27,0.024359375,1.0683502538071066
884,2024-04-28,0.023485416666666665,1.030020304568528
885,2024-04-29,0.020609375,0.9038832487309645
886,2024-04-30,0.021489583333333336,0.9424873096446702
887,2024-05-01,0.0216875,0.9511675126903554
888,2024-05-02,0.04081979166666667,1.7902690355329949
889,2024-05-03,0.10593854166666666,4.646238578680203
890,2024-05-04,0.06953229166666666,3.04953807106599
891,2024-05-05,0.07141666666666667,3.1321827411167513
892,2024-05-06,0.04358958333333333,1.9117461928934008
893,2024-05-07,0.038435416666666666,1.6856954314720811
894,2024-05-08,0.032361458333333336,1.419304568527919
895,2024-05-09,0.027133333333333332,1.1900101522842639
896,2024-05-10,0.023525,1.031756345177665
897,2024-05-11,0.02155,0.9451370558375635
898,2024-05-12,0.019896874999999998,0.8726345177664974
899,2024-05-13,0.019726041666666666,0.8651421319796955
900,2024-05-14,0.017208333333333332,0.7547208121827411
901,2024-05-15,0.017251041666666665,0.7565939086294416
902,2024-05-16,0.019977083333333333,0.8761522842639594
903,2024-05-17,0.020392708333333332,0.8943807106598983
904,2024-05-18,0.021451041666666667,0.9407969543147209
905,2024-05-19,0.0214125,0.9391065989847717
906,2024-05-20,0.029358333333333334,1.2875939086294417
907,2024-05-21,0.02921875,1.281472081218274
908,2024-05-22,0.04655104166666666,2.0416294416243654
909,2024-05-23,0.033591666666666666,1.473258883248731
910,2024-05-24,0.03567083333333333,1.5644467005076141
911,2024-05-25,0.0698125,3.0618274111675126
912,2024-05-26,0.051246875,2.2475786802030457
913,2024-05-27,0.05539270833333334,2.4294060913705584
914,2024-05-28,0.05295729166666666,2.322593908629442
915,2024-05-29,0.09959791666666667,4.368152284263959
916,2024-05-30,0.05801145833333333,2.544258883248731
917,2024-05-31,0.03848854166666667,1.6880253807106602
918,2024-06-01,0.026915625,1.1804619289340101
919,2024-06-02,0.022000000000000002,0.9648730964467006
920,2024-06-03,0.021458333333333333,0.9411167512690355
921,2024-06-04,0.01963125,0.860984771573604
922,2024-06-05,0.016934374999999998,0.7427055837563452
923,2024-06-06,0.014661458333333334,0.6430203045685279
924,2024-06-07,0.013561458333333333,0.5947766497461929
925,2024-06-08,0.013811458333333334,0.6057411167512691
926,2024-06-09,0.01285625,0.5638477157360406
927,2024-06-10,0.015741666666666668,0.6903959390862944
928,2024-06-11,0.016851041666666667,0.7390507614213198
929,2024-06-12,0.015402083333333332,0.6755025380710659
930,2024-06-13,0.014844791666666668,0.6510609137055837
931,2024-06-14,0.014315625,0.6278527918781726
932,2024-06-15,0.015434375,0.6769187817258884
933,2024-06-16,0.016436458333333334,0.7208680203045685
934,2024-06-17,0.017351041666666667,0.760979695431472
935,2024-06-18,0.042365625,1.8580659898477154
936,2024-06-19,0.05563437500000001,2.4400050761421324
937,2024-06-20,0.03572291666666667,1.5667309644670053
938,2024-06-21,0.03138958333333333,1.3766802030456853
939,2024-06-22,0.027576041666666665,1.2094263959390863
940,2024-06-23,0.02130729166666667,0.934492385786802
941,2024-06-24,0.018857291666666668,0.8270406091370559
942,2024-06-25,0.017851041666666668,0.7829086294416243
943,2024-06-26,0.015622916666666667,0.6851878172588832
944,2024-06-27,0.014229166666666668,0.6240609137055838
945,2024-06-28,0.012562499999999999,0.5509644670050761
946,2024-06-29,0.012884375000000002,0.5650812182741118
947,2024-06-30,0.019245833333333334,0.8440812182741116
948,2024-07-01,0.020565625,0.9019644670050762
949,2024-07-02,0.020215625,0.8866142131979695
950,2024-07-03,0.025478125,1.1174162436548223
951,2024-07-04,0.028996875000000002,1.2717411167512693
952,2024-07-05,0.024680208333333332,1.0824213197969543
953,2024-07-06,0.021876041666666665,0.9594365482233502
954,2024-07-07,0.016691666666666667,0.7320609137055838
955,2024-07-08,0.014723958333333334,0.645761421319797
956,2024-07-09,0.015154166666666668,0.6646294416243655
957,2024-07-10,0.015430208333333334,0.6767360406091371
958,2024-07-11,0.014586458333333335,0.6397309644670051
959,2024-07-12,0.108278125,4.748847715736041
960,2024-07-13,0.07862708333333333,3.4484162436548225
961,2024-07-14,0.04536041666666666,1.9894111675126902
962,2024-07-15,0.034157291666666666,1.4980659898477158
963,2024-07-16,0.02822395833333333,1.2378426395939084
964,2024-07-17,0.02228645833333333,0.9774365482233502
965,2024-07-18,0.023275,1.0207918781725889
966,2024-07-19,0.017703125,0.7764213197969543
967,2024-07-20,0.016725,0.733522842639594
968,2024-07-21,0.015279166666666668,0.6701116751269036
969,2024-07-22,0.013345833333333333,0.5853197969543147
970,2024-07-23,0.01434375,0.6290862944162436
971,2024-07-24,0.016389583333333332,0.7188121827411166
972,2024-07-25,0.015274999999999999,0.6699289340101522
973,2024-07-26,0.013470833333333333,0.5908020304568528
974,2024-07-27,0.011561458333333335,0.5070609137055838
975,2024-07-28,0.009889583333333334,0.4337360406091371
976,2024-07-29,0.010929166666666665,0.47932994923857863
977,2024-07-30,0.011047916666666666,0.4845380710659898
978,2024-07-31,0.010477083333333333,0.459502538071066
979,2024-08-01,0.010709375,0.46969035532994924
980,2024-08-02,0.013339583333333334,0.5850456852791878
981,2024-08-03,0.012153125,0.533010152284264
982,2024-08-04,0.014955208333333333,0.6559035532994923
983,2024-08-05,0.013742708333333332,0.6027258883248731
984,2024-08-06,0.014499999999999999,0.6359390862944161
985,2024-08-07,0.0168125,0.7373604060913705
986,2024-08-08,0.014891666666666666,0.6531167512690356
987,2024-08-09,0.016104166666666666,0.7062944162436547
988,2024-08-10,0.011608333333333333,0.5091167512690354
989,2024-08-11,0.022226041666666668,0.9747868020304569
990,2024-08-12,0.015821875,0.6939137055837562
991,2024-08-13,0.012785416666666667,0.560741116751269
992,2024-08-14,0.009797916666666667,0.4297157360406091
993,2024-08-15,0.010164583333333333,0.44579695431472083
994,2024-08-16,0.010639583333333334,0.46662944162436554
995,2024-08-17,0.01203125,0.5276649746192893
996,2024-08-18,0.012647916666666667,0.5547106598984771
997,2024-08-19,0.011520833333333334,0.5052791878172589
998,2024-08-20,0.011396875,0.4998426395939087
999,2024-08-21,0.00959375,0.42076142131979694
1000,2024-08-22,0.011994791666666666,0.5260659898477157
1001,2024-08-23,0.012753124999999999,0.5593248730964467
1002,2024-08-24,0.01096875,0.48106598984771576
1003,2024-08-25,0.01406875,0.6170253807106599
1004,2024-08-26,0.012482291666666666,0.5474467005076141
1005,2024-08-27,0.010864583333333332,0.47649746192893394
1006,2024-08-28,0.011670833333333333,0.5118578680203046
1007,2024-08-29,0.012389583333333334,0.5433807106598985
1008,2024-08-30,0.009472916666666666,0.4154619289340101
1009,2024-08-31,0.008520833333333333,0.37370558375634516
1010,2024-09-01,0.006660416666666666,0.29211167512690356
1011,2024-09-02,0.012458333333333333,0.5463959390862945
1012,2024-09-03,0.008680208333333333,0.38069543147208124
1013,2024-09-04,0.007833333333333333,0.3435532994923858
1014,2024-09-05,0.016623958333333334,0.7290913705583756
1015,2024-09-06,0.022185416666666666,0.9730050761421318
1016,2024-09-07,0.013370833333333334,0.5864162436548224
1017,2024-09-08,0.023904166666666667,1.0483857868020305
1018,2024-09-09,0.015151041666666665,0.6644923857868019
1019,2024-09-10,0.011239583333333332,0.49294416243654815
1020,2024-09-11,0.020846875,0.9142994923857868
1021,2024-09-12,0.0443741935483871,1.946157524152612
1022,2024-09-13,0.021384375,0.9378730964467006
1023,2024-09-14,0.023131250000000003,1.0144873096446703
1024,2024-09-15,0.01875833333333333,0.8227005076142132
1025,2024-09-16,0.011476041666666666,0.5033147208121826
1026,2024-09-17,0.009908333333333333,0.43455837563451777
1027,2024-09-18,0.010909374999999999,0.4784619289340101
1028,2024-09-19,0.009389583333333333,0.41180710659898473
1029,2024-09-20,0.017440624999999998,0.7649086294416243
1030,2024-09-21,0.012201041666666667,0.5351116751269036
1031,2024-09-22,0.012991666666666665,0.5697868020304568
1032,2024-09-23,0.015346875000000001,0.6730812182741117
1033,2024-09-24,0.010805208333333332,0.4738934010152283
1034,2024-09-25,0.016352083333333333,0.7171675126903553
1035,2024-09-26,0.02071145833333333,0.9083604060913706
1036,2024-09-27,0.016005208333333333,0.7019543147208122
1037,2024-09-28,0.013427083333333333,0.5888832487309644
1038,2024-09-29,0.012840625,0.5631624365482234
1039,2024-09-30,0.015671875,0.6873350253807106
1040,2024-10-01,0.018787500000000002,0.8239796954314722
1041,2024-10-02,0.0184625,0.809725888324873
1042,2024-10-03,0.01630208333333333,0.7149746192893401
1043,2024-10-04,0.016376041666666667,0.7182182741116752
1044,2024-10-05,0.015578125,0.6832233502538071
1045,2024-10-06,0.016513541666666666,0.7242487309644668
1046,2024-10-07,0.015490625000000001,0.6793857868020305
1047,2024-10-08,0.016667708333333333,0.7310101522842639
1048,2024-10-09,0.0202875,0.889766497461929
1049,2024-10-10,0.03282708333333333,1.4397258883248731
1050,2024-10-11,0.02535263157894737,1.1119123697568798
